filename,predicted_is_illegal,illegal_probability
session_8833850952,1.0,0.6740654761904762
session_3379861047,1.0,0.6567738095238096
session_2368259027,1.0,0.827375
session_8627857957,1.0,0.5624523809523809
session_8442348705,0.0,0.46999851190476194
session_8158081424,1.0,0.7480476190476192
session_8687623726,1.0,0.8386309523809524
session_3707408471,0.0,0.23430017921146956
session_5938861210,0.0,0.09394841269841268
session_7744994020,0.0,0.3691454173067077
session_5982655120,0.0,0.07757738095238095
session_9641947867,0.0,0.1566388888888889
session_5257090319,0.0,0.4152797619047619
session_4588519029,1.0,0.574047619047619
session_4253153152,1.0,0.8119444444444441
session_8040208148,1.0,0.5915476190476191
session_5852884755,0.0,0.27169642857142867
session_0210313617,1.0,0.59775
session_7381387393,0.0,0.31669642857142843
session_0799578885,0.0,0.2687876984126984
session_2909815011,0.0,0.4514610389610391
session_7418277337,0.0,0.405595238095238
session_2170545958,1.0,0.6193888888888889
session_9086606611,0.0,0.33056944444444447
session_7422748595,1.0,0.9296190476190475
session_3658347227,0.0,0.17608333333333334
session_4102534242,0.0,0.07674999999999998
session_1546093630,1.0,0.6066071428571429
session_5205618080,1.0,0.9143412698412697
session_4339216244,0.0,0.10795833333333336
session_4804227584,0.0,0.09567857142857143
session_5340758381,0.0,0.2660119047619047
session_6710819502,0.0,0.15088095238095234
session_5910512769,0.0,0.2961612903225807
session_2036935127,0.0,0.31481605222734255
session_0101735014,0.0,0.04658333333333333
session_5860316950,0.0,0.24475396825396822
session_8348355115,0.0,0.11957738095238094
session_0768390876,0.0,0.27682142857142855
session_5453779030,1.0,0.6330357142857141
session_0850398720,0.0,0.14353571428571427
session_7201754386,0.0,0.22974462365591403
session_8947762393,0.0,0.05626785714285714
session_9510628888,0.0,0.2590952380952381
session_9708106289,1.0,0.9383333333333335
session_9969404865,1.0,0.8030595238095237
session_5478075174,1.0,0.737539502164502
session_9646127676,1.0,0.8659880952380952
session_8827133363,0.0,0.14624404761904763
session_2320125003,0.0,0.48871428571428566
session_2532367006,0.0,0.10723809523809524
session_6399846538,0.0,0.2936255760368664
session_2336058051,1.0,0.8835000000000001
session_6709396443,1.0,0.5250277777777779
session_9586183316,1.0,0.6323452380952381
session_7364869744,0.0,0.41208333333333336
session_1273150073,0.0,0.2041666666666667
session_5395546550,0.0,0.11415873015873014
session_5445638904,1.0,0.8036468253968255
session_6716415729,0.0,0.1967619047619048
session_6377714366,0.0,0.25017319508448543
session_2861116304,0.0,0.07451785714285714
session_3879203390,1.0,0.8780892857142858
session_0593223632,0.0,0.22216071428571424
session_8104100144,0.0,0.36050000000000004
session_7259628766,0.0,0.0945595238095238
session_4496820414,0.0,0.23104761904761906
session_9064183032,0.0,0.078
session_6706849000,1.0,0.8167738095238096
session_3684692596,0.0,0.297681277056277
session_3659572440,0.0,0.09051190476190478
session_4775805408,1.0,0.6580337301587302
session_0017454856,0.0,0.13846428571428573
session_3236365486,1.0,0.6181527777777778
session_5489294342,0.0,0.1654523809523809
session_0604976817,0.0,0.16166666666666668
session_7589485664,0.0,0.18326190476190474
session_8658186994,1.0,0.9525833333333332
session_5131488927,0.0,0.34258589349718377
session_7113116081,0.0,0.12160714285714289
session_3221801769,0.0,0.37839285714285714
session_9160177818,1.0,0.8304642857142858
session_6555326593,0.0,0.16212557603686636
session_0379715237,0.0,0.12719444444444444
session_3003643083,1.0,0.8127500000000001
session_1924699326,0.0,0.105734126984127
session_4710406694,0.0,0.36788095238095253
session_7811974792,1.0,0.7661825396825398
session_3005678154,1.0,0.7662023809523808
session_1468258531,0.0,0.12072817460317459
session_1311858241,0.0,0.2543749999999999
session_9753314758,1.0,0.8597142857142858
session_3482932637,0.0,0.09625
session_5321706137,0.0,0.058805555555555555
session_3437351544,0.0,0.1634246031746032
session_2327553832,0.0,0.09242857142857144
session_5750663659,1.0,0.8872083333333336
session_5291244662,0.0,0.22390476190476194
session_0512046694,1.0,0.8659880952380954
session_1868010893,0.0,0.05972619047619048
session_9740386657,0.0,0.055249999999999994
session_5597920150,0.0,0.3174305555555556
session_5833271167,0.0,0.12567857142857145
session_3677156900,0.0,0.15373214285714284
session_4254477956,1.0,0.8177500000000001
session_7381486107,1.0,0.5272083333333333
session_9395770534,0.0,0.13115476190476189
session_9877366244,0.0,0.2823333333333333
session_2977418379,1.0,0.8252380952380952
session_3432278825,0.0,0.3705535714285714
session_8759377885,1.0,0.6751071428571427
session_4026966824,1.0,0.7468690476190476
session_5973161495,1.0,0.6285476190476191
session_4098547958,1.0,0.5583630952380952
session_7880006606,1.0,0.8677499999999999
session_8039917693,1.0,0.6275
session_8949581119,0.0,0.3795476190476192
session_3641975156,1.0,0.5723611111111111
session_7242030396,0.0,0.32791666666666663
session_8963903506,1.0,0.90475
session_3974162531,1.0,0.8037420634920633
session_2494483407,0.0,0.13182142857142856
session_0770188364,0.0,0.26059956709956705
session_3325125266,0.0,0.47043113159242184
session_6119506741,1.0,0.9800714285714285
session_5572048254,1.0,0.8917202380952383
session_2393535067,0.0,0.4466904761904762
session_1484409764,0.0,0.21485714285714289
session_6835145359,0.0,0.3638472222222222
session_5030324559,1.0,0.8312301587301587
session_4238071281,0.0,0.19613095238095243
session_5164454410,0.0,0.3966573220686122
session_0844521549,0.0,0.15170833333333333
session_9794510496,0.0,0.28580414746543786
session_5197680121,1.0,0.5525238095238095
session_2100509039,1.0,0.7216805555555557
session_5333092038,0.0,0.4746428571428571
session_4571061004,1.0,0.9599166666666668
session_6324970071,0.0,0.37843452380952386
session_2106017813,0.0,0.4458373015873016
session_0155746039,0.0,0.10287499999999998
session_0482518942,0.0,0.32505952380952385
session_8819855375,1.0,0.9587321428571428
session_6100708780,0.0,0.21954761904761902
session_3726985009,0.0,0.4925853174603176
session_3398028555,0.0,0.3881612903225807
session_3573257812,0.0,0.2883095238095238
session_8439281190,1.0,0.60365873015873
session_2683617861,0.0,0.30289285714285724
session_1976172513,1.0,0.7493333333333334
session_5823371082,0.0,0.19605357142857144
session_5576759361,0.0,0.3150952380952381
session_9830083627,1.0,0.8983333333333333
session_2926423726,0.0,0.18999999999999992
session_2000054586,0.0,0.31283928571428576
session_6784434759,1.0,0.6823809523809524
session_4794437261,1.0,0.9083571428571426
session_1619535766,0.0,0.03358333333333333
session_2636442787,0.0,0.21515313852813855
session_8504041897,1.0,0.644021645021645
session_7727421500,1.0,0.8094166666666667
session_3348997730,0.0,0.2496369047619048
session_2675887724,0.0,0.3121190476190476
session_8144121134,0.0,0.3021428571428572
session_2507081148,0.0,0.302625
session_1857845924,0.0,0.3999166666666667
session_3441069300,1.0,0.8002857142857143
session_2511664006,0.0,0.3136329365079366
session_0005840196,0.0,0.16846874999999997
session_0082594441,0.0,0.31746428571428575
session_9477322863,0.0,0.17179761904761903
session_4061862561,0.0,0.39679166666666665
session_1957205172,0.0,0.2743928571428571
session_8653789319,1.0,0.8201130952380953
session_8035310034,1.0,0.8528392857142858
session_8115384066,0.0,0.2765082972582974
session_7943348767,0.0,0.23679166666666668
session_8364143294,1.0,0.9255238095238097
session_9919383972,0.0,0.15567857142857142
session_0953745782,1.0,0.8334761904761904
session_7571785961,1.0,0.5671872294372294
session_0668352196,0.0,0.4502023809523809
session_7749208545,0.0,0.33333333333333326
session_5346989709,0.0,0.3511547619047619
session_0408822104,1.0,0.6914305555555554
session_1148126229,0.0,0.44545238095238104
session_4506008213,0.0,0.2904264069264069
session_8389698709,0.0,0.30060912698412695
session_8823455059,1.0,0.5998333333333333
session_4600074976,0.0,0.2627519841269841
session_2083267904,0.0,0.18885714285714283
session_8862058156,1.0,0.6291547619047618
session_8811009703,0.0,0.3244821428571428
session_5771275112,0.0,0.12579761904761905
session_0307733025,0.0,0.4848273809523809
session_8439483653,0.0,0.1840974025974026
session_4615055511,1.0,0.8963392857142857
session_8070684894,1.0,0.8285992063492064
session_1653923890,0.0,0.2923690476190477
session_4362763028,0.0,0.23243113159242196
session_0064281061,1.0,0.9498690476190476
session_5889567297,1.0,0.8659821428571429
session_8069308945,0.0,0.10176785714285713
session_8625058014,0.0,0.2638192640692641
session_8748096164,1.0,0.6728253968253965
session_3780421656,0.0,0.18095833333333336
session_2853115772,1.0,0.6601287878787879
session_1427407488,0.0,0.1686011904761905
session_4927108309,0.0,0.1573100998463902
session_2191635812,0.0,0.32008928571428574
session_2504044224,0.0,0.34353571428571433
session_9047133999,0.0,0.2699107142857143
session_5556934089,1.0,0.8084999999999998
session_0204804464,0.0,0.40055555555555555
session_0148970615,0.0,0.315625
session_3735635217,0.0,0.18232795698924728
session_9241123512,0.0,0.2613055555555555
session_3071944492,0.0,0.13591269841269843
session_3206758270,0.0,0.1933690476190476
session_2194913037,0.0,0.4848928571428571
session_6894634320,0.0,0.37871428571428567
session_7270959087,0.0,0.24545634920634918
session_1271171766,1.0,0.9439880952380952
session_6631631451,1.0,0.5552499999999999
session_7734560879,0.0,0.23232795698924733
session_8770654755,0.0,0.18638095238095237
session_3067782503,0.0,0.13564285714285718
session_1667382627,0.0,0.2647261904761905
session_0083463746,0.0,0.4093214285714286
session_9705613967,0.0,0.17704004329004328
session_5685066201,0.0,0.06883333333333333
session_4257599094,1.0,0.5274285714285714
session_5968190840,0.0,0.13070238095238096
session_3583196291,0.0,0.23595670995670998
session_5319036655,0.0,0.14897619047619046
session_0164409530,0.0,0.4254226190476191
session_4842582531,0.0,0.2504166666666666
session_6915176151,0.0,0.13583333333333333
session_7269099297,0.0,0.2598809523809523
session_4432555629,1.0,0.7893392857142857
session_1717253391,0.0,0.11733928571428569
session_3633594681,0.0,0.33168452380952373
session_9865741828,0.0,0.36329761904761904
session_6179037141,1.0,0.9446547619047618
session_8636893699,0.0,0.333232142857143
session_0025450757,0.0,0.18664484126984124
session_1927726888,0.0,0.3661746031746032
session_6486698512,0.0,0.47253571428571434
session_8776482178,0.0,0.16503571428571426
session_1256331958,0.0,0.4091791474654378
session_4859282429,1.0,0.8701666666666665
session_4977075958,0.0,0.2971428571428571
session_6775680298,0.0,0.31938690476190484
session_9537828226,0.0,0.18979761904761905
session_0729974131,0.0,0.3151904761904762
session_8583637812,0.0,0.3792202380952381
session_3758493378,0.0,0.28447619047619044
session_3656309644,1.0,0.6643333333333336
session_8627271642,0.0,0.4421769480519479
session_8857212561,1.0,0.5874801587301588
session_2448679159,1.0,0.9075
session_5857498072,0.0,0.4748452380952382
session_4224530762,0.0,0.20356746031746034
session_5127880135,0.0,0.2461190476190476
session_6088382546,0.0,0.14054166666666668
session_0223955219,0.0,0.32963690476190466
session_0859353781,1.0,0.8656527777777778
session_3367539943,0.0,0.24158928571428562
session_8884379611,0.0,0.4038035714285715
session_5446044182,1.0,0.5864999999999999
session_4360886220,0.0,0.18039484126984123
session_1199280052,1.0,0.6930892857142856
session_0031637060,0.0,0.2893809523809524
session_5085387055,0.0,0.3975654761904761
session_7495757867,1.0,0.8172083333333333
session_9323738310,0.0,0.21072619047619043
session_5041518490,1.0,0.778135416666667
session_6489937979,0.0,0.2652738095238095
session_7242231304,0.0,0.25654166666666667
session_7618706636,0.0,0.15179166666666669
session_4265171670,1.0,0.8682063492063495
session_6437348609,0.0,0.4545833333333333
session_3789156921,0.0,0.28400396825396823
session_9791921163,1.0,0.9147500000000001
session_7992883230,1.0,0.8052127976190475
session_7560361854,0.0,0.23011904761904764
session_7850373093,0.0,0.20460714285714282
session_3292709802,0.0,0.07883333333333334
session_3977845081,1.0,0.6072440476190477
session_7986274484,1.0,0.6965818452380951
session_3349837388,0.0,0.1604880952380952
session_9525423538,0.0,0.37029761904761904
session_1535403881,1.0,0.9391666666666666
session_7317111167,1.0,0.7625833333333333
session_9999446639,0.0,0.3140065284178187
session_1386411131,1.0,0.8900119047619047
session_7744249581,1.0,0.773827380952381
session_1826587360,0.0,0.21525000000000002
session_3111638188,0.0,0.35822081413210455
session_9601082503,0.0,0.42838095238095236
session_3554942752,0.0,0.2789404761904763
session_9289186690,0.0,0.4075297619047619
session_5693830545,0.0,0.23807341269841267
session_6965771386,1.0,0.8280833333333335
session_8271683052,1.0,0.8985694444444445
session_2092403163,1.0,0.7834583333333334
session_4138202528,1.0,0.5239848484848484
session_2948657089,1.0,0.7909027777777776
session_4414280148,0.0,0.14954761904761907
session_8715054726,0.0,0.2588055555555555
session_6862559677,1.0,0.8530000000000001
session_8505299961,1.0,0.8583690476190476
session_9259488224,1.0,0.817857142857143
session_9506925023,0.0,0.12866666666666665
session_8826868699,0.0,0.2569940476190476
session_2794743722,0.0,0.46394841269841275
session_3387344935,1.0,0.8612440476190476
session_2487049182,1.0,0.8555793650793652
session_9839818954,0.0,0.024630040322580645
session_7614908860,1.0,0.8276607142857141
session_1358651464,1.0,0.6699193722943723
session_7601105208,1.0,0.7781791474654379
session_4879326735,1.0,0.7758690476190476
session_4942286007,1.0,0.5254007936507936
session_1843905203,0.0,0.22558333333333333
session_7489987884,0.0,0.10233333333333335
session_2509775056,1.0,0.8423928571428569
session_7061089586,0.0,0.2999146825396826
session_8950902312,1.0,0.9396964285714285
session_9528371186,0.0,0.3804821428571428
session_7328625738,0.0,0.27318650793650784
session_0831009063,0.0,0.26115476190476195
session_4970622399,1.0,0.9446190476190476
session_7149136762,0.0,0.42726041666666653
session_0767152123,1.0,0.6251825396825397
session_5301408182,1.0,0.6732222222222223
session_9387370115,0.0,0.17587499999999998
session_4498932663,1.0,0.7911071428571428
session_1412721528,0.0,0.3401428571428572
session_6142373482,0.0,0.3310238095238095
session_0032069206,1.0,0.5069325396825397
session_6558293608,1.0,0.9506190476190476
session_9693789671,0.0,0.452857142857143
session_9899715696,0.0,0.15765873015873014
session_7685709651,0.0,0.4488809523809523
session_5088690608,0.0,0.14179761904761903
session_5046103917,1.0,0.9158333333333333
session_2217789924,1.0,0.6691726190476192
session_1205304288,1.0,0.6018198051948053
session_1143731163,0.0,0.2602261904761905
session_0170625567,1.0,0.8628095238095238
session_9475907510,0.0,0.2114166666666667
session_7951283171,0.0,0.410702380952381
session_6026454768,1.0,0.7131825396825395
session_7361695503,0.0,0.28980357142857144
session_1593696549,1.0,0.7965476190476192
session_5491040460,0.0,0.3938035714285714
session_1196335015,1.0,0.9037976190476192
session_3315925736,1.0,0.813097222222222
session_9247630805,1.0,0.9048869047619047
session_5254631909,0.0,0.4639126984126982
session_5056600779,1.0,0.9525416666666666
session_0503653355,1.0,0.562702380952381
session_1591951224,0.0,0.12316666666666665
session_6167829880,0.0,0.2679404761904762
session_6186753676,1.0,0.6181941391941392
session_9072596713,1.0,0.8081210317460317
session_0893120027,0.0,0.27475000000000005
session_0184498835,1.0,0.9231011904761905
session_2323064700,0.0,0.33901041666666665
session_8736801883,0.0,0.3184940476190476
session_0126772600,1.0,0.8638668831168833
session_8321918908,0.0,0.1930997023809524
session_3360873587,0.0,0.1352738095238095
session_4066543084,0.0,0.4536964285714285
session_9715640805,0.0,0.189292242703533
session_3230049516,0.0,0.3411349206349207
session_5739627610,1.0,0.8897738095238096
session_6468388206,0.0,0.21460317460317457
session_6695269196,1.0,0.8708650793650796
session_4157921188,1.0,0.8215357142857144
session_0166199610,0.0,0.20800000000000002
session_7772954143,1.0,0.7302916666666667
session_2083592190,1.0,0.6676428571428571
session_2555172883,1.0,0.7893511904761904
session_3678562948,0.0,0.0778888888888889
session_3861991564,0.0,0.29174462365591397
session_8206706920,0.0,0.23374007936507937
session_9364086805,0.0,0.22186111111111115
session_2062712102,0.0,0.12110119047619047
session_5035854005,0.0,0.28446428571428567
session_1017063962,1.0,0.7715416666666668
session_1574713570,1.0,0.6576634199134199
session_0496948047,0.0,0.1594166666666667
session_2614149384,1.0,0.7079702380952382
session_9139027707,1.0,0.5389999999999999
session_6325552510,1.0,0.5110833333333332
session_6181462981,0.0,0.47690476190476183
session_7575485743,0.0,0.1108727106227106
session_6974460768,1.0,0.8958257575757577
session_2287816341,0.0,0.32233730158730156
session_0473936924,0.0,0.44529017857142866
session_6983304371,0.0,0.15629761904761907
session_2923450227,1.0,0.784125
session_6342146915,0.0,0.4370952380952381
session_8361853378,0.0,0.11774999999999998
session_3932609601,0.0,0.29658928571428567
session_6460917775,0.0,0.3841269841269841
session_4383618618,1.0,0.9545833333333333
session_8200552592,1.0,0.9142083333333332
session_8361792610,0.0,0.14285119047619046
session_5747551041,0.0,0.08979590570719602
session_7914718036,1.0,0.598547619047619
session_7907939720,0.0,0.08608333333333333
session_3683562482,1.0,0.741416666666667
session_3226676976,0.0,0.11174999999999999
session_6339352963,0.0,0.21153571428571427
session_4996580201,1.0,0.7147380952380951
session_9548582882,0.0,0.20858333333333337
session_3541851149,0.0,0.3899404761904762
session_9816302916,1.0,0.8673392857142858
session_9786847322,0.0,0.49586904761904754
session_9825228245,1.0,0.6434404761904762
session_0756345960,0.0,0.28047222222222223
session_6597902520,0.0,0.2550681818181817
session_7684485021,1.0,0.947625
session_4091639526,1.0,0.677111471861472
session_4397591928,1.0,0.7357757936507937
session_3778195656,0.0,0.47483986175115206
session_1239074582,1.0,0.5770714285714286
session_5466872812,1.0,0.8993869047619047
session_2116060291,1.0,0.7747202380952384
session_1656689994,1.0,0.912345238095238
session_8674602823,0.0,0.12895670995670994
session_0172860263,1.0,0.9245833333333333
session_3657391768,0.0,0.10140909090909091
session_1134724645,1.0,0.6035027056277056
session_5542773405,0.0,0.38276190476190464
session_6446737316,0.0,0.47562500000000013
session_3958419196,0.0,0.31087337662337666
session_7168735362,0.0,0.3040357142857143
session_2726751248,1.0,0.9350833333333333
session_4137223552,0.0,0.27454761904761904
session_5518980455,0.0,0.39005555555555554
session_7251443361,1.0,0.6977142857142858
session_6568158324,1.0,0.8944999999999999
session_8571665499,1.0,0.5366904761904763
session_5035500864,0.0,0.3421130952380952
session_0718520474,1.0,0.7689940476190477
session_8014286229,0.0,0.1977380952380952
session_9213640133,0.0,0.47071031746031733
session_3448521340,1.0,0.7388214285714285
session_0919508187,1.0,0.6517341269841269
session_0611188910,0.0,0.19248778998779004
session_3267760096,0.0,0.1277943722943723
session_8689827198,1.0,0.7684285714285715
session_1928096865,1.0,0.9070833333333335
session_8439712811,0.0,0.03808333333333333
session_8701118698,1.0,0.8619702380952383
session_3200427673,0.0,0.40161111111111114
session_1019062124,0.0,0.3620238095238096
session_3571551367,0.0,0.09450256016385047
session_0897855137,1.0,0.7953333333333333
session_7583047056,0.0,0.16651636904761905
session_5269540222,1.0,0.7143690476190477
session_1456340454,1.0,0.6142599206349205
session_1178629549,0.0,0.18023470302099334
session_7454853209,1.0,0.7837738095238096
session_3807007352,0.0,0.08650595238095239
session_5256432882,0.0,0.24755158730158722
session_4345009224,0.0,0.45037175324675327
session_7580547206,0.0,0.07977380952380952
session_6237876052,0.0,0.15820684523809522
session_8497195541,0.0,0.39095238095238094
session_9265949798,0.0,0.38720508658008657
session_5052301661,0.0,0.2204291474654378
session_0840816364,0.0,0.19174206349206352
session_8762473131,0.0,0.4481031746031747
session_3487526409,0.0,0.2110595238095238
session_3928799857,1.0,0.6444689754689754
session_1508041930,0.0,0.3996666666666668
session_8762460298,0.0,0.15359920634920635
session_5659881884,0.0,0.24211904761904762
session_8289796800,1.0,0.7582619047619048
session_5420574020,1.0,0.94075
session_7374443981,1.0,0.8711190476190477
session_0890611696,1.0,0.5909662698412699
session_2937285388,0.0,0.17704761904761906
session_4051438580,0.0,0.3771210317460318
session_9924186646,0.0,0.1956666666666667
session_6721137284,0.0,0.13858161999291033
session_5476317070,0.0,0.4665952380952379
session_8291380356,0.0,0.17414652014652013
session_1956761643,1.0,0.8604166666666667
session_5346999982,1.0,0.8315595238095238
session_1288650341,1.0,0.5167857142857142
session_0846697406,0.0,0.1597261904761905
session_7528264650,0.0,0.0706547619047619
session_9203064974,0.0,0.15063541666666663
session_5352520893,1.0,0.9669880952380951
session_8312177924,1.0,0.8225833333333334
session_9932324920,0.0,0.2576488095238096
session_7634225385,0.0,0.45286111111111116
session_2177337196,1.0,0.5532400793650794
session_5577188457,1.0,0.8947068452380953
session_7861248558,1.0,0.5515833333333333
session_7976664538,0.0,0.13679590570719605
session_0195566274,0.0,0.11166666666666666
session_8680283238,0.0,0.26229761904761906
session_6835186342,1.0,0.624297619047619
session_8199358611,0.0,0.13471875
session_9973193301,1.0,0.7251190476190476
session_6304072815,0.0,0.27971428571428575
session_2954669341,1.0,0.9376071428571429
session_9648826546,0.0,0.31363095238095234
session_5771189096,0.0,0.1394642857142857
session_6367235807,0.0,0.24019444444444446
session_0610569527,0.0,0.3890436507936508
session_0545152840,0.0,0.22248809523809523
session_7668081778,1.0,0.8286666666666668
session_2237300884,1.0,0.6665595238095237
session_1022551827,1.0,0.7747976190476191
session_6851257171,0.0,0.3380297619047619
session_5826984218,1.0,0.525047619047619
session_3996482621,1.0,0.8876666666666666
session_4905082660,0.0,0.27395436507936505
session_9962709959,1.0,0.712125
session_7370953010,0.0,0.334047619047619
session_7562248450,0.0,0.37073065476190464
session_5460114218,0.0,0.45913095238095236
session_6229277499,0.0,0.1674702380952381
session_1548161375,1.0,0.6086607142857143
session_7214352144,0.0,0.3693178210678212
session_4876159319,1.0,0.9452916666666666
session_0172989910,1.0,0.9466666666666665
session_7273363943,1.0,0.9208809523809525
session_1418449327,1.0,0.747968253968254
session_1869142330,1.0,0.528579365079365
session_9525615730,1.0,0.7031686507936508
session_5466388137,1.0,0.957327380952381
session_8096691457,0.0,0.2838894649257553
session_3389870646,1.0,0.8560833333333333
session_8185572921,1.0,0.9567499999999999
session_3916959746,0.0,0.3251354166666666
session_7217479988,1.0,0.7413333333333334
session_2412921544,1.0,0.8973749999999999
session_5445301341,1.0,0.5028095238095237
session_0841557171,1.0,0.7592777777777776
session_6570443336,1.0,0.5358154761904763
session_4518223786,0.0,0.20396874999999998
session_8478632285,1.0,0.770769841269841
session_8214714439,0.0,0.16437351190476193
session_3097489009,1.0,0.7542301587301588
session_6378887702,0.0,0.36711904761904757
session_5612298297,1.0,0.8201428571428573
session_1306722148,0.0,0.06954166666666665
session_7160327456,0.0,0.4845892857142858
session_1265987074,0.0,0.2774946236559139
session_6371005811,1.0,0.707029761904762
session_1138875986,1.0,0.806404761904762
session_0493270999,1.0,0.8715238095238094
session_7873525815,1.0,0.7215714285714285
session_7864150166,1.0,0.8223333333333334
session_9258308881,1.0,0.5055833333333335
session_3790988975,0.0,0.25841666666666663
session_8353893556,1.0,0.5926374807987711
session_6637610294,1.0,0.7251428571428572
session_2381827805,1.0,0.843506313131313
session_2751916214,0.0,0.24220833333333336
session_6816047521,1.0,0.6388750000000002
session_7997263430,0.0,0.26730357142857136
session_4655928094,0.0,0.17324462365591398
session_7426584566,1.0,0.8204166666666667
session_2208563319,1.0,0.6385952380952381
session_4982785868,0.0,0.417740800865801
session_9667273084,1.0,0.6294642857142858
session_3945942408,0.0,0.2581428571428571
session_8486413906,1.0,0.7778392857142857
session_4283780681,1.0,0.7542361111111113
session_7665184826,0.0,0.3764047619047619
session_4337891318,0.0,0.2904627976190476
session_8409945271,0.0,0.36811904761904757
session_6970752744,1.0,0.7774105339105337
session_6425950736,1.0,0.6221547619047618
session_9183184177,0.0,0.3258035714285714
session_9925283281,1.0,0.5577408008658008
session_8728901791,1.0,0.9096666666666665
session_6452949084,1.0,0.8870833333333334
session_5248409822,0.0,0.0985138888888889
session_4559429580,1.0,0.8604999999999998
session_0362272766,1.0,0.619642857142857
session_5527782146,1.0,0.8150622294372295
session_6480157843,1.0,0.9260416666666668
session_4975844425,0.0,0.4974880952380953
session_3169221896,1.0,0.8903749999999999
session_9739944132,0.0,0.33158333333333334
session_8015250878,0.0,0.16967765937019968
session_6314321084,0.0,0.4083598484848484
session_6051914984,1.0,0.7431605339105343
session_6088534182,1.0,0.876809523809524
session_5811752669,1.0,0.8628336940836943
session_7970857766,0.0,0.07213351254480287
session_7788563873,1.0,0.8942083333333334
session_3876999904,0.0,0.10380555555555554
session_7177007633,1.0,0.7326071428571429
session_2426108754,1.0,0.737174603174603
session_4187187666,0.0,0.14841666666666667
session_7313070487,1.0,0.6469642857142859
session_4672066494,1.0,0.6622743055555556
session_4331334148,1.0,0.7320297619047618
session_6497918859,1.0,0.9511785714285714
session_3535166347,0.0,0.16176190476190477
session_6278669958,0.0,0.11658333333333333
session_4289581476,1.0,0.8412936507936508
session_8244833570,0.0,0.23300595238095237
session_7354123043,1.0,0.8234211309523809
session_2347370388,0.0,0.4541455627705628
session_8042510915,0.0,0.1055595238095238
session_0750656501,1.0,0.6313253968253967
session_9318248229,1.0,0.759892857142857
session_3182721337,1.0,0.8762559523809521
session_7242078478,1.0,0.8330059523809525
session_7534749559,1.0,0.795642857142857
session_0458723853,0.0,0.27764285714285714
session_6479266110,1.0,0.789028273809524
session_4251225905,1.0,0.8337837301587301
session_7370016891,1.0,0.9229801587301588
session_3101765401,0.0,0.34476190476190477
session_9127961354,1.0,0.8838253968253968
session_8625946738,0.0,0.1495044642857143
session_6148600937,1.0,0.7991944444444445
session_7667901628,0.0,0.25196302308802304
session_2363410078,0.0,0.39036904761904756
session_1129865931,0.0,0.24739285714285716
session_3669155019,1.0,0.7718333333333333
session_5133600979,1.0,0.6576309523809525
session_3400253332,1.0,0.7542261904761905
session_0186038544,1.0,0.7562083333333333
session_5013714842,1.0,0.9400000000000002
session_9729752069,0.0,0.3316845238095238
session_9674716665,1.0,0.7276785714285715
session_1650075078,0.0,0.39842708333333327
session_7025100216,0.0,0.37629761904761916
session_3763089388,0.0,0.3497565284178188
session_7093950723,1.0,0.6988608058608059
session_9631927144,1.0,0.9405833333333333
session_9313658422,0.0,0.1798888888888889
session_2585594441,1.0,0.9537499999999999
session_3203109772,1.0,0.9518452380952381
session_8281638783,0.0,0.18130357142857143
session_3696132790,0.0,0.08587500000000002
session_4740558208,1.0,0.5111785714285714
session_6295392963,1.0,0.8931249999999998
session_2878525110,1.0,0.7603888888888889
session_2389761713,1.0,0.8515555555555556
session_5425983208,0.0,0.16058779761904765
session_2393332246,1.0,0.560422619047619
session_4519196567,0.0,0.25980357142857147
session_4767254104,1.0,0.8330757575757576
session_2125382319,1.0,0.51075
session_0111356050,1.0,0.6452386712749616
session_7768986100,0.0,0.2218373015873016
session_8442947777,0.0,0.28108333333333335
session_1762096168,0.0,0.38066071428571435
session_2751066909,1.0,0.9036666666666666
session_4771293491,1.0,0.786345238095238
session_7388997727,0.0,0.3054404761904762
session_0989732540,1.0,0.8890873015873016
session_6829066411,0.0,0.08256258000512032
session_0376544801,1.0,0.8652916666666667
session_2809105327,1.0,0.7195119047619047
session_8731967078,0.0,0.4967797619047621
session_3212035675,0.0,0.3033571428571429
session_2689331954,1.0,0.9405833333333333
session_7437771065,0.0,0.47203571428571417
session_3628627369,1.0,0.5846428571428571
session_4177388372,1.0,0.8893750000000001
session_5088818180,1.0,0.6251547619047619
session_8691786741,1.0,0.6480238095238094
session_5690417333,1.0,0.612267857142857
session_8666672229,1.0,0.8660178571428571
session_1130035803,0.0,0.2823809523809524
session_4022075739,1.0,0.9621428571428572
session_0402994139,1.0,0.7560376984126985
session_7100038229,1.0,0.7878095238095237
session_5200877935,0.0,0.33076461038961036
session_5016669083,0.0,0.2513896103896103
session_9850209523,0.0,0.37596428571428575
session_6713726780,1.0,0.8660833333333332
session_1893250984,1.0,0.9227083333333332
session_5931589642,1.0,0.7678095238095237
session_0029922803,0.0,0.452781746031746
session_9629836105,0.0,0.12462557603686636
session_0720472618,0.0,0.18382738095238096
session_4481103124,1.0,0.942142857142857
session_2394672060,0.0,0.21683333333333338
session_3028558496,1.0,0.8563730158730161
session_1553613542,1.0,0.6943928571428571
session_4543136443,0.0,0.3335416666666666
session_3116416990,1.0,0.6859404761904762
session_5160736279,0.0,0.17149462365591397
session_6933816157,1.0,0.8690912698412699
session_5893365993,1.0,0.5416547619047619
session_8654505573,0.0,0.217369623655914
session_3981019566,0.0,0.12716666666666668
session_7326699927,1.0,0.8875357142857142
session_2272584671,1.0,0.7864900793650794
session_7204544800,1.0,0.5593928571428571
session_0462903577,1.0,0.9249722222222225
session_8639984402,1.0,0.6891746031746032
session_9716805694,0.0,0.25376041666666665
session_2069574400,0.0,0.051468749999999994
session_7818311723,0.0,0.261797619047619
session_3170574491,0.0,0.10290151515151516
session_3635374508,0.0,0.1322619047619048
session_9653209270,0.0,0.24673015873015877
session_5517823185,1.0,0.8987738095238095
session_4024107809,1.0,0.5549669913419913
session_4400719338,1.0,0.5940184331797235
session_9020534315,0.0,0.14899462365591398
session_8340206664,1.0,0.5682083333333332
session_3762712464,1.0,0.8478432539682538
session_2110642502,0.0,0.06625055153180152
session_9668583221,0.0,0.2782440476190476
session_6145686702,1.0,0.5594166666666668
session_9660454797,1.0,0.5652705627705629
session_7721352999,0.0,0.2494166666666667
session_9951071945,1.0,0.8269583333333336
session_1656657977,0.0,0.3151091269841271
session_3007247782,1.0,0.6805555555555555
session_2046923002,1.0,0.6459801587301587
session_5107518450,0.0,0.23336904761904761
session_3660445831,1.0,0.8531666666666667
session_1778570235,0.0,0.117375
session_6210655689,0.0,0.35117261904761904
session_0136325499,0.0,0.47418452380952375
session_6502585204,1.0,0.7226666666666668
session_7659890628,1.0,0.7275555555555555
session_8627031256,0.0,0.1420972222222222
session_2290361531,0.0,0.11629761904761902
session_2617473265,0.0,0.24626190476190477
session_7281697694,0.0,0.26570238095238086
session_6007924250,1.0,0.6048318452380953
session_4814782358,0.0,0.13230357142857144
session_9497021147,0.0,0.2765793650793651
session_2549202348,1.0,0.8151309523809525
session_8184843913,0.0,0.1833571428571429
session_3238392944,1.0,0.9055833333333334
session_9895312812,1.0,0.7562559523809523
session_6337614077,0.0,0.15691666666666665
session_3300635197,0.0,0.26754761904761903
session_3016761703,0.0,0.3639799783549785
session_2007540735,0.0,0.327577380952381
session_5290417223,0.0,0.1038452380952381
session_8242413736,1.0,0.5963333333333334
session_4725412166,0.0,0.26111904761904764
session_7648037009,1.0,0.9082777777777775
session_0537801506,1.0,0.6570853174603175
session_9673398856,1.0,0.8073273809523809
session_3147629890,1.0,0.9490000000000001
session_0228122983,1.0,0.9148928571428572
session_6982446047,1.0,0.5763950216450219
session_9518245436,1.0,0.8933333333333334
session_3928232103,1.0,0.768232142857143
session_7939617151,1.0,0.5835714285714285
session_9046061162,0.0,0.35260912698412694
session_5623988336,0.0,0.05160714285714286
session_6292458685,0.0,0.08467857142857142
session_1679289805,0.0,0.45504166666666657
session_0319978124,0.0,0.16625
session_0644278950,0.0,0.2338333333333334
session_1819563622,0.0,0.4584761904761905
session_8388662119,1.0,0.8184166666666668
session_6482294779,1.0,0.5444285714285715
session_6711930717,0.0,0.07873809523809523
session_4304447407,0.0,0.34375000000000006
session_0508486473,1.0,0.7238988095238095
session_9974488052,1.0,0.72075
session_2734785124,1.0,0.6122440476190476
session_3839970917,0.0,0.4223710317460318
session_1421795197,1.0,0.537559523809524
session_1076519237,1.0,0.5353571428571429
session_0500745842,0.0,0.1351309523809524
session_8082239300,0.0,0.08479166666666665
session_1967235442,0.0,0.17452976190476194
session_4262101552,1.0,0.5316785714285713
session_3932398331,0.0,0.2793214285714286
session_7418988874,0.0,0.12824999999999998
session_0270940804,0.0,0.45011507936507933
session_7387061913,0.0,0.22732738095238098
session_7951597328,0.0,0.23982738095238104
session_7011327614,1.0,0.6934682539682541
session_3614685060,0.0,0.4044090909090909
session_2427467950,1.0,0.5696686507936507
session_5746562839,1.0,0.7197023809523809
session_2880402735,1.0,0.7464047619047619
session_2189267771,0.0,0.37090476190476196
session_6965453824,0.0,0.20423809523809527
session_1164286300,0.0,0.36187085137085134
session_4746240778,0.0,0.091625
session_4858337259,0.0,0.18148809523809525
session_6599065193,1.0,0.7869166666666668
session_9587381552,0.0,0.1415595238095238
session_8407883787,1.0,0.8272499999999999
session_8423566466,0.0,0.15835714285714286
session_6527951269,0.0,0.11502380952380953
session_2872892875,1.0,0.8142559523809524
session_0843115603,1.0,0.8633809523809525
session_6989962465,0.0,0.06691666666666668
session_2064160756,1.0,0.5039107142857141
session_8604010887,0.0,0.2962306547619048
session_9551087650,1.0,0.6847202380952381
session_4492243201,0.0,0.4836666666666666
session_2035629884,0.0,0.29806349206349203
session_5415060346,0.0,0.08691666666666668
session_8054389077,1.0,0.5968809523809524
session_2052463563,0.0,0.3601269841269842
session_8211788770,0.0,0.3441845238095238
session_9487093935,1.0,0.672690476190476
session_5924200824,0.0,0.05408928571428571
session_7473209927,0.0,0.4533154761904762
session_1896830251,0.0,0.429438988095238
session_1944751204,1.0,0.683934523809524
session_3161171774,0.0,0.17068650793650794
session_8119180048,0.0,0.36749999999999994
session_9690699965,0.0,0.23279166666666665
session_1393516592,0.0,0.1525
session_2540441733,0.0,0.07566666666666666
session_0838891042,0.0,0.22775000000000006
session_5894660899,1.0,0.7065
session_3469691731,1.0,0.6148452380952382
session_0305606782,1.0,0.7248690476190476
session_3163625589,0.0,0.35460515873015863
session_9197162417,1.0,0.7520097402597402
session_3918671556,0.0,0.08891666666666666
session_6056134961,1.0,0.9120833333333332
session_5487557068,1.0,0.7784583333333335
session_0743065918,0.0,0.30704761904761907
session_3172392634,1.0,0.7972619047619048
session_1666446179,0.0,0.30035176651305684
session_5277489290,1.0,0.7401190476190476
session_3789499828,0.0,0.2424166666666667
session_9844037738,0.0,0.2833753156565656
session_1750509621,1.0,0.787077380952381
session_9680819394,0.0,0.273
session_5958053029,1.0,0.8922261904761905
session_4430793234,1.0,0.5700992063492064
session_3808395680,0.0,0.4108630952380954
session_6204270623,0.0,0.31942460317460314
session_8553270286,1.0,0.7834404761904762
session_4687655362,0.0,0.16839285714285715
session_7690305433,0.0,0.2549761904761905
session_7567994107,1.0,0.9080833333333334
session_5061431542,1.0,0.6847361111111111
session_2557698158,0.0,0.40747470238095246
session_3067787643,1.0,0.6806309523809523
session_6899922431,1.0,0.7971190476190477
session_2188748674,1.0,0.5229523809523811
session_7761818276,1.0,0.8556249999999999
session_0359319638,0.0,0.3238279569892473
session_0719528275,1.0,0.8229722222222223
session_3603344105,1.0,0.8742500000000003
session_7800181258,0.0,0.3993333333333333
session_1365294054,1.0,0.9654166666666667
session_7979911880,0.0,0.11099462365591398
session_1618522149,0.0,0.4927261904761906
session_6751955279,1.0,0.8654523809523811
session_5014558229,1.0,0.6381845238095237
session_9657892306,0.0,0.24122222222222223
session_2953697423,1.0,0.5438452380952379
session_0635521885,1.0,0.602077380952381
session_4530314996,1.0,0.6107465277777778
session_5594141097,1.0,0.8992023809523809
session_9146515724,0.0,0.24276190476190482
session_5937234123,0.0,0.37521428571428567
session_1708223764,1.0,0.7613095238095238
session_4290136840,1.0,0.7430218253968254
session_1820633325,1.0,0.7638809523809523
session_1649882646,1.0,0.7487261904761904
session_8091715457,1.0,0.9518452380952382
session_4659905162,0.0,0.24017857142857144
session_3182497712,1.0,0.5197202380952383
session_7331556356,1.0,0.7311190476190478
session_2749876589,1.0,0.6141726190476191
session_7323696974,1.0,0.9390833333333335
session_6012071835,1.0,0.6778928571428571
session_0510406466,0.0,0.23826248079877113
session_0128859274,1.0,0.8877738095238095
session_0639788928,0.0,0.380797619047619
session_7779665504,0.0,0.2071666666666666
session_1740055931,0.0,0.42451388888888886
session_5269315187,0.0,0.24106547619047622
session_9983042278,1.0,0.9220158730158731
session_3014121416,1.0,0.9350476190476189
session_4767647380,0.0,0.30608333333333326
session_0051406631,0.0,0.4506614357864358
session_4119002624,0.0,0.12118303571428571
session_9485800222,1.0,0.5233928571428571
session_8691825471,0.0,0.397968253968254
session_1016856509,0.0,0.24478571428571427
session_7303796023,0.0,0.2969285714285714
session_0157631147,1.0,0.591051282051282
session_6871552747,1.0,0.8554464285714286
session_6705777193,1.0,0.7330714285714286
session_8666287398,1.0,0.692337121212121
session_8671492463,1.0,0.9480833333333334
session_7967310508,0.0,0.4821488095238095
session_7944252331,1.0,0.8912916666666666
session_6112730640,0.0,0.3250515873015873
session_7455174174,0.0,0.30629761904761904
session_9767538073,1.0,0.8077500000000002
session_9501338931,1.0,0.7420912698412698
session_0326724732,1.0,0.8382976190476189
session_3641521673,0.0,0.10344669935798967
session_6189139492,0.0,0.29045238095238096
session_7117038660,1.0,0.900138888888889
session_8740037149,1.0,0.5117110389610391
session_5496146582,1.0,0.5094166666666667
session_7096197451,0.0,0.19997023809523817
session_1797157873,0.0,0.29370833333333335
session_0797370695,0.0,0.2765811688311689
session_1391052664,1.0,0.9021666666666666
session_8315992939,1.0,0.7516369047619047
session_4098569257,1.0,0.7973035714285714
session_7471072415,1.0,0.8394761904761906
session_9505884451,0.0,0.3062777777777778
session_9734404751,0.0,0.1950203373015873
session_6303895598,0.0,0.2371944444444444
session_2613999059,0.0,0.37647222222222226
session_5013071788,0.0,0.3228020833333333
session_3102058551,0.0,0.21700000000000005
session_1052587810,1.0,0.853154761904762
session_0861337889,1.0,0.631654761904762
session_7035039573,1.0,0.5641216077828981
session_0806702507,1.0,0.6123809523809524
session_2236070997,0.0,0.2034568452380952
session_6642571880,0.0,0.4973809523809524
session_7071815036,0.0,0.1684806547619047
session_3074151283,1.0,0.5176785714285715
session_9411417025,0.0,0.25252350427350423
session_3005367162,1.0,0.5344047619047618
session_0797029759,0.0,0.4125
session_8934034457,1.0,0.8181369047619047
session_6869635181,0.0,0.25466071428571435
session_7752667666,1.0,0.5406785714285715
session_9295143657,0.0,0.26951843317972346
session_8957866546,0.0,0.3532544642857143
session_8351091371,1.0,0.9754166666666667
session_3814755566,0.0,0.10224255952380953
session_9027946995,0.0,0.233234126984127
session_2203453961,1.0,0.9329523809523809
session_5552010543,0.0,0.41466666666666674
session_1475370335,1.0,0.914375
session_4480398495,1.0,0.950202380952381
session_5312030236,1.0,0.8525416666666665
session_0622712536,1.0,0.7287063492063492
session_0729120460,0.0,0.48072889610389624
session_6493162292,1.0,0.5097723214285714
session_5806761857,1.0,0.6786190476190476
session_5434871430,1.0,0.5055952380952381
session_1532721820,0.0,0.4151924603174604
session_9955756216,1.0,0.7179642857142858
session_1106275590,0.0,0.44374462365591394
session_9104752580,0.0,0.26400000000000007
session_6072617684,1.0,0.6160238095238094
session_0259292514,1.0,0.6384880952380952
session_6568302079,1.0,0.8394583333333334
session_4269843232,0.0,0.35045238095238096
session_5071023384,1.0,0.6536227106227108
session_5023081923,1.0,0.8959523809523811
session_9322710701,0.0,0.37525652841781876
session_6358907924,1.0,0.791735930735931
session_9809839685,0.0,0.35693849206349215
session_6585951540,0.0,0.45310119047619046
session_1567411744,0.0,0.11868223443223443
session_3393326634,0.0,0.14939285714285716
session_6928670101,1.0,0.8166428571428572
session_5189592832,1.0,0.6640476190476189
session_1731950849,0.0,0.17208333333333337
session_6564838742,1.0,0.9280416666666668
session_5625245190,1.0,0.6869642857142856
session_2375808482,1.0,0.8224285714285715
session_0305187451,1.0,0.9095714285714286
session_6349231133,0.0,0.07463541666666668
session_6493825861,1.0,0.7828198051948053
session_9007689859,0.0,0.41775
session_3484133504,1.0,0.7341488095238097
session_1428034323,0.0,0.13785714285714287
session_6657360579,1.0,0.8549761904761906
session_4254155450,1.0,0.8675
session_6873559742,0.0,0.283952380952381
session_0612796637,1.0,0.8665952380952379
session_2730276507,0.0,0.48891666666666667
session_0864574884,0.0,0.14697619047619045
session_6229504825,0.0,0.4463690476190476
session_7818234002,1.0,0.6441825396825398
session_8423329764,1.0,0.5387261904761903
session_2694965772,1.0,0.9018095238095237
session_4386624259,1.0,0.8827976190476191
session_7273659828,1.0,0.8871111111111111
session_9921687223,0.0,0.18116666666666667
session_1251896628,1.0,0.6250416666666666
session_7840296552,0.0,0.14736111111111114
session_3077149461,1.0,0.7477083333333334
session_9729063367,0.0,0.28859523809523807
session_6464183153,1.0,0.8720892857142857
session_6237417362,1.0,0.7517619047619047
session_6761125013,0.0,0.34234523809523815
session_1286687379,1.0,0.6494583333333334
session_9795347408,1.0,0.6737500000000002
session_1316321566,0.0,0.3981136712749615
session_0205202846,0.0,0.208042242703533
session_1301153262,1.0,0.7407261904761904
session_3450602680,0.0,0.1021547619047619
session_3343831517,0.0,0.07593055555555556
session_4762909710,1.0,0.8388690476190476
session_2289308020,0.0,0.16438690476190473
session_7800269296,1.0,0.9055416666666667
session_3707088535,1.0,0.6982380952380953
session_5958024081,1.0,0.92475
session_8769036224,1.0,0.7198869047619048
session_7555598248,0.0,0.19392708333333336
session_3051589624,0.0,0.25138095238095237
session_4896261465,1.0,0.707017857142857
session_0166392811,0.0,0.39292857142857135
session_3414033414,0.0,0.30146031746031743
session_9812281532,1.0,0.8567619047619048
session_5262714625,0.0,0.3977261904761903
session_6896514118,1.0,0.7477103174603176
session_0466721856,0.0,0.3576309523809524
session_6679825465,0.0,0.11096875
session_0003960194,1.0,0.5065396825396826
session_8901928958,0.0,0.2660476190476191
session_7989414599,0.0,0.2612678571428572
session_6102555994,1.0,0.9072440476190476
session_2099251918,0.0,0.4024404761904762
session_8799729281,1.0,0.5650297619047618
session_6098710070,1.0,0.8942916666666667
session_1824070206,0.0,0.3454166666666667
session_1968614536,1.0,0.8700833333333334
session_2730388169,1.0,0.5004166666666667
session_5609915148,1.0,0.905297619047619
session_8850456125,0.0,0.35271874999999997
session_1149922141,1.0,0.9076666666666666
session_6709002971,0.0,0.22094642857142854
session_1876247964,0.0,0.1646071428571429
session_5527787820,0.0,0.4897976190476192
session_4163559399,1.0,0.8483869047619048
session_1745563342,0.0,0.2011904761904762
session_2931074825,1.0,0.9115833333333333
session_7853127933,1.0,0.7239031385281386
session_3800022350,1.0,0.6741785714285714
session_1555870229,0.0,0.25015476190476194
session_0871121909,0.0,0.4077619047619047
session_8993262613,0.0,0.32899999999999996
session_2745694408,1.0,0.6526527777777779
session_3699092726,0.0,0.40530952380952384
session_3691894965,1.0,0.52425
session_1324126678,0.0,0.20025
session_9200040112,1.0,0.6669264069264068
session_7817103073,0.0,0.14542261904761905
session_3879503861,1.0,0.552265873015873
session_8652341184,0.0,0.20949404761904758
session_2920640975,1.0,0.6443035714285714
session_0130847643,1.0,0.730748015873016
session_9905998143,0.0,0.399702380952381
session_3155649031,1.0,0.5977916666666667
session_8048990636,0.0,0.18716666666666665
session_0647531474,1.0,0.94025
session_7394343234,0.0,0.041968750000000006
session_3704248627,0.0,0.1475595238095238
session_5260658178,0.0,0.21437499999999995
session_5700842190,0.0,0.12595238095238095
session_7758608287,1.0,0.9571369047619048
session_1854610785,1.0,0.8581190476190477
session_6509364535,0.0,0.1747837301587301
session_3791802350,1.0,0.6937440476190477
session_5695398064,1.0,0.94475
session_8769983957,1.0,0.8303630952380953
session_2567822432,0.0,0.2950992063492064
session_6320970139,1.0,0.6920972222222223
session_8557723888,1.0,0.9670833333333334
session_0280517098,1.0,0.8449285714285714
session_7644891163,0.0,0.4657380952380953
session_6275600731,1.0,0.6359583333333333
session_8057976280,1.0,0.8734761904761907
session_7526298886,0.0,0.38221875
session_7581601432,0.0,0.16582738095238103
session_4619254586,1.0,0.8916369047619045
session_5259399541,0.0,0.3050952380952381
session_7935100368,1.0,0.8347359307359309
session_6845822655,0.0,0.11030357142857142
session_9000198916,0.0,0.21833928571428574
session_9418948998,1.0,0.8843750000000001
session_4322210317,1.0,0.7568789682539682
session_8679012157,1.0,0.8027916666666667
session_8602611959,1.0,0.929785714285714
session_2715863197,1.0,0.7644166666666667
session_7861130331,1.0,0.7391673881673883
session_3277767566,1.0,0.8040357142857143
session_7103728864,0.0,0.10491666666666667
session_2219930680,0.0,0.10151190476190475
session_1428731346,1.0,0.6797299783549784
session_4974521282,1.0,0.7428591269841271
session_2592273518,0.0,0.29715476190476187
session_5496662888,0.0,0.09319642857142857
session_9511759854,1.0,0.6269444444444443
session_1388817097,1.0,0.9491785714285714
session_6348231972,0.0,0.4986928210678212
session_7015811431,0.0,0.21808928571428565
session_4327353613,1.0,0.6895416666666668
session_7674910043,1.0,0.5275714285714287
session_0703562668,0.0,0.18182200460829495
session_7145514224,1.0,0.5215833333333334
session_8742024614,0.0,0.3598755760368664
session_3561215335,1.0,0.8855833333333335
session_8719700167,1.0,0.8185595238095238
session_7207932579,0.0,0.3451666666666667
session_9904426178,0.0,0.19059722222222228
session_7933284837,0.0,0.379859126984127
session_7555995161,1.0,0.7497003968253967
session_0815666379,0.0,0.0751904761904762
session_6470167306,0.0,0.45672023809523815
session_8875454686,1.0,0.6376428571428573
session_4243186683,0.0,0.11373214285714285
session_9214688011,0.0,0.21020833333333333
session_0626697371,0.0,0.1601309523809524
session_8399176672,1.0,0.748220238095238
session_4706483590,0.0,0.12531547619047617
session_6399026328,1.0,0.5118333333333335
session_3076908781,1.0,0.6335000000000001
session_9472910265,0.0,0.49097294372294376
session_8759779075,0.0,0.3481607142857142
session_5499827097,1.0,0.6973020833333333
session_9916663391,1.0,0.9475833333333332
session_7569401579,0.0,0.1968452380952381
session_2319805102,0.0,0.0431547619047619
session_0249395771,1.0,0.9209166666666668
session_7071232638,1.0,0.7693452380952382
session_4948057062,0.0,0.21020238095238095
session_4962669721,0.0,0.31937351190476193
session_6228883788,0.0,0.437399385560676
session_7603341666,1.0,0.8401825396825395
session_1515278948,1.0,0.8008373015873018
session_0398817787,0.0,0.05
session_7002730414,1.0,0.7409920634920634
session_6619214017,0.0,0.24459523809523812
session_2541149709,1.0,0.9058769841269841
session_5077696822,1.0,0.7052579365079366
session_1682740914,1.0,0.802
session_6980606380,0.0,0.1744166666666667
session_7525030837,1.0,0.8616785714285716
session_9316476581,1.0,0.8229642857142856
session_3828692242,1.0,0.93275
session_2909737565,0.0,0.46549999999999997
session_5199462226,0.0,0.21097619047619048
session_3452570104,1.0,0.805095238095238
session_2901073436,0.0,0.2797142857142857
session_7928335940,1.0,0.848835137085137
session_3056302809,0.0,0.14975000000000002
session_1471802603,0.0,0.07146428571428572
session_2386499713,1.0,0.97375
session_4949372670,1.0,0.7564345238095237
session_4088341904,1.0,0.8783906926406928
session_1420226904,1.0,0.6148571428571428
session_3919629858,1.0,0.7168273809523811
session_9057489846,1.0,0.8195555555555556
session_7422270211,0.0,0.11270833333333333
session_6951064037,1.0,0.9784999999999999
session_7395469781,1.0,0.7189154040404042
session_1067162598,1.0,0.7654686147186147
session_5745729038,0.0,0.0547202380952381
session_4066780045,1.0,0.8579523809523809
session_0510101673,0.0,0.046761904761904755
session_4715771287,1.0,0.6101488095238096
session_1067969410,0.0,0.20595833333333335
session_9495657954,1.0,0.8496666666666667
session_3926840201,0.0,0.1277738095238095
session_0974627974,0.0,0.09907142857142859
session_0275525895,0.0,0.15107738095238094
session_1970148824,0.0,0.06206547619047618
session_0233596484,1.0,0.9524166666666667
session_1498771725,0.0,0.04430357142857142
session_1536724420,0.0,0.1083035714285714
session_0584881078,0.0,0.07680555555555554
session_2092170870,1.0,0.8437321428571428
session_1281792837,0.0,0.033857142857142856
session_2025345934,1.0,0.7761785714285715
session_7729762375,0.0,0.35507142857142854
session_4269912456,1.0,0.8906190476190475
session_6448386600,0.0,0.05784523809523809
session_7422282952,0.0,0.19763690476190474
session_0867569021,1.0,0.8997261904761903
session_9793038421,0.0,0.13096428571428573
session_3524810503,1.0,0.9335734126984128
session_1334666365,0.0,0.15383333333333335
session_7887900718,1.0,0.57195670995671
session_0048475757,1.0,0.5658333333333333
session_1814762834,0.0,0.11563888888888889
session_7638208076,1.0,0.9719384920634918
session_5386352299,0.0,0.18430357142857143
session_7896781089,1.0,0.7689027777777778
session_2760097341,1.0,0.9269166666666667
session_3515585934,0.0,0.32173809523809516
session_1177848198,0.0,0.20194642857142853
session_4518887220,1.0,0.5484642857142858
session_9821034386,1.0,0.8774345238095238
session_3735537656,1.0,0.8800952380952382
session_3446045307,0.0,0.1467202380952381
session_1070692584,1.0,0.932190476190476
session_2715537964,0.0,0.33613690476190483
session_9027322376,0.0,0.11099603174603175
session_5123812030,0.0,0.12357142857142858
session_0244684556,0.0,0.15654166666666663
session_2383585943,0.0,0.13221428571428573
session_3733006063,1.0,0.6185476190476192
session_4824435477,0.0,0.12423809523809526
session_8769574094,0.0,0.025166666666666667
session_9739246177,0.0,0.43307215007215
session_8989374051,0.0,0.02564285714285714
session_6490827344,1.0,0.7208353174603174
session_1061737515,0.0,0.07833333333333334
session_5167855204,0.0,0.16234920634920638
session_1474073005,0.0,0.1232380952380952
session_8927734902,0.0,0.06474404761904762
session_3876004338,1.0,0.6495753968253969
session_7546278746,1.0,0.6929999999999998
session_9684083571,0.0,0.08725198412698411
session_6419217298,0.0,0.11686904761904764
session_0147719489,1.0,0.9332499999999999
session_6386639852,0.0,0.13510714285714287
session_8323122790,1.0,0.7186883116883116
session_9067768063,1.0,0.8406746031746032
session_2671379191,1.0,0.7124880952380951
session_1708220087,0.0,0.05645238095238095
session_5528609206,0.0,0.09135714285714286
session_7933738052,1.0,0.7138551587301588
session_2054053666,1.0,0.5044166666666667
session_7451527108,0.0,0.020166666666666666
session_1105710757,0.0,0.165202380952381
session_7818969924,0.0,0.4283888888888889
session_3748528962,1.0,0.9123809523809524
session_9607887774,0.0,0.08258333333333333
session_6887059922,1.0,0.8098988095238095
session_1344363978,1.0,0.6551607142857142
session_6581338506,0.0,0.08450000000000003
session_3893667223,0.0,0.10150000000000002
session_3269754223,1.0,0.9176666666666666
session_6106477620,0.0,0.12457795698924728
session_7906992612,0.0,0.4632522997835497
session_1881356230,0.0,0.021166666666666667
session_4716317957,0.0,0.050166666666666665
session_2192183477,0.0,0.16090873015873014
session_0812869833,0.0,0.1584186507936508
session_4844871120,1.0,0.9739166666666667
session_2558607892,0.0,0.12444642857142858
session_9129118872,0.0,0.08825
session_7873949379,1.0,0.819
session_1416412539,0.0,0.09822023809523811
session_3354618687,0.0,0.14810714285714283
session_6617825429,1.0,0.9649166666666668
session_6638271928,1.0,0.8536488095238094
session_5037856261,1.0,0.6232916666666667
session_6013544622,0.0,0.10098809523809522
session_1328025280,0.0,0.13058333333333333
session_6116335534,1.0,0.6500833333333332
session_2318637737,0.0,0.021083333333333332
session_2805246951,1.0,0.8468194444444442
session_6471969473,0.0,0.14075
session_9877506321,1.0,0.9347597402597403
session_5983338470,1.0,0.691063492063492
session_1282983454,1.0,0.8879761904761905
session_8758925702,0.0,0.18454563492063497
session_9982602370,0.0,0.16746428571428573
session_6129550717,1.0,0.9063055555555556
session_5884843843,1.0,0.9134642857142857
session_2742619184,0.0,0.14306349206349206
session_2773924704,0.0,0.03745833333333333
session_8883281313,1.0,0.943654761904762
session_0991252560,0.0,0.17587499999999998
session_8824263970,0.0,0.13119642857142857
session_1623038157,0.0,0.20818452380952376
session_1470713140,1.0,0.5962321428571428
session_3582091129,0.0,0.12345238095238097
session_7358104277,1.0,0.927452380952381
session_5497122814,1.0,0.9207023809523808
session_9880892041,0.0,0.06791666666666667
session_2590894741,1.0,0.660577380952381
session_1244242475,0.0,0.03826190476190476
session_5483480261,1.0,0.5002857142857144
session_0245934723,0.0,0.09711111111111112
session_3319050185,0.0,0.4897795815295814
session_9265274976,1.0,0.5696136712749615
session_4499874519,0.0,0.06148809523809523
session_2211907871,0.0,0.03366666666666667
session_1806185715,0.0,0.04996428571428571
session_6556036411,1.0,0.914047619047619
session_4459843008,0.0,0.1401111111111111
session_0557467514,1.0,0.750077380952381
session_8140667141,0.0,0.09765873015873018
session_8810377918,1.0,0.7067359307359306
session_7618054868,0.0,0.0585
session_9362179236,0.0,0.08167261904761905
session_6738856497,1.0,0.5290396825396826
session_3451007117,0.0,0.06485119047619048
session_5991232067,0.0,0.06929166666666667
session_4423579184,0.0,0.11225
session_6281544200,1.0,0.7375595238095235
session_9792054965,1.0,0.6882896825396827
session_2691409086,0.0,0.1505357142857143
session_7157064073,1.0,0.8668749999999998
session_1713365998,0.0,0.4091011904761905
session_5975096977,1.0,0.6463733766233769
session_3376026513,0.0,0.059500000000000004
session_3838572212,1.0,0.8362083333333333
session_9278196183,0.0,0.03911904761904762
session_1410094748,1.0,0.7757638888888888
session_6738388054,1.0,0.7120833333333336
session_0061629194,1.0,0.8175833333333336
session_4426870302,0.0,0.15557142857142858
session_2016344661,1.0,0.5491396103896105
session_4940259652,0.0,0.06283333333333334
session_1708671050,1.0,0.9097341269841269
session_7370840078,1.0,0.8161726190476188
session_4695842741,0.0,0.05258333333333332
session_7817168542,1.0,0.6645892857142858
session_5674843005,0.0,0.218218253968254
session_2007936915,0.0,0.08221031746031744
session_9689083079,0.0,0.03895833333333334
session_1503605581,1.0,0.9467916666666666
session_0390975032,0.0,0.14286904761904762
session_7780444958,0.0,0.052785714285714276
session_5396753685,1.0,0.8505952380952381
session_3640984505,1.0,0.76325
session_9100599511,0.0,0.060500000000000005
session_0984393142,1.0,0.5887261904761905
session_8999428064,1.0,0.7824781746031744
session_3973707215,0.0,0.06952380952380952
session_1784896465,0.0,0.2804464285714285
session_9495997885,0.0,0.020428571428571428
session_1063325046,1.0,0.8932500000000002
session_7212025244,0.0,0.15246825396825395
session_7237311346,0.0,0.12563888888888888
session_0966487358,0.0,0.030166666666666665
session_4209342968,0.0,0.16869444444444448
session_4163238472,1.0,0.726815476190476
session_5026661112,0.0,0.031880952380952385
session_5708671708,1.0,0.9431309523809523
session_7262775402,1.0,0.9014047619047619
session_5289449664,0.0,0.09612301587301587
session_6362533402,1.0,0.8819999999999999
session_5739143748,1.0,0.849065476190476
session_2767021335,1.0,0.8432121212121213
session_6008745406,0.0,0.16258333333333333
session_3798637117,0.0,0.06576190476190476
session_0765935758,1.0,0.9285833333333333
session_1081274523,1.0,0.5319047619047619
session_4037858026,0.0,0.013500000000000002
session_4339907415,1.0,0.9399404761904762
session_5878016773,0.0,0.04232738095238095
session_9423469323,0.0,0.09574999999999999
session_8787338881,1.0,0.7564484126984127
session_0590731055,1.0,0.7908690476190476
session_6887186683,0.0,0.4661726190476191
session_9848805379,1.0,0.7588333333333336
session_3436410606,1.0,0.9199583333333333
session_9038755287,0.0,0.17753571428571427
session_0672015823,1.0,0.8715416666666667
session_9307936288,1.0,0.9456249999999998
session_2213263833,1.0,0.5834583333333334
session_4642510935,0.0,0.12490277777777777
session_9787004965,1.0,0.6930833333333333
session_1432891120,0.0,0.357797619047619
session_6525657015,1.0,0.6839166666666668
session_2055621452,0.0,0.4889166666666666
session_5536570637,1.0,0.9113749999999999
session_2218449796,1.0,0.5512559523809524
session_2887480941,0.0,0.20636904761904762
session_0697506648,0.0,0.09110763888888888
session_4736309542,0.0,0.09746874999999999
session_8948429343,0.0,0.4842281746031745
session_4199921692,0.0,0.17095238095238094
session_3366295190,0.0,0.19946874999999997
session_5652085012,1.0,0.9143333333333333
session_6813458308,0.0,0.4369404761904762
session_1979239683,1.0,0.8028630952380954
session_4354218638,0.0,0.11359374999999998
session_7398972341,1.0,0.9476666666666667
session_3922157039,1.0,0.898125
session_8831138885,1.0,0.8809107142857141
session_7801315876,0.0,0.39182142857142865
session_6200753435,1.0,0.9248333333333334
session_5405991199,0.0,0.46203769841269854
session_5138848212,1.0,0.8808095238095238
session_7543906287,0.0,0.3141964285714286
session_1645472813,0.0,0.4642142857142857
session_9127984644,1.0,0.7151904761904762
session_6529033101,0.0,0.0658095238095238
session_9748111038,0.0,0.15633928571428574
session_4484768740,0.0,0.14805357142857142
session_1529049484,1.0,0.671488095238095
session_9356695708,0.0,0.11608333333333334
session_5796305508,0.0,0.16697023809523806
session_0071280153,0.0,0.033373511904761906
session_8301590977,0.0,0.21726636904761906
session_9456595853,0.0,0.18489285714285714
session_7792786887,0.0,0.2681830357142857
session_7800017185,0.0,0.3896170634920634
session_3777853846,0.0,0.16683333333333333
session_9686472520,0.0,0.3962619047619048
session_9956793065,0.0,0.4117446236559139
session_2842773149,0.0,0.43799675324675325
session_5967488943,1.0,0.8942857142857145
session_4185228735,1.0,0.9581071428571427
session_7756346661,0.0,0.32730357142857147
session_5130764696,0.0,0.09182142857142857
session_7778589669,0.0,0.08587499999999998
session_0466343682,0.0,0.17730357142857145
session_2020107805,1.0,0.682375
session_8109563694,1.0,0.7332559523809523
session_8427974282,1.0,0.9312976190476191
session_4024579182,1.0,0.6124702380952382
session_1581692104,1.0,0.7997187500000001
session_7144916399,1.0,0.9496130952380953
session_4998803513,0.0,0.10690476190476193
session_5665707212,1.0,0.813529761904762
session_3193098342,0.0,0.27932016594516595
session_0926211887,1.0,0.7493353174603175
session_8930771529,1.0,0.7044047619047619
session_1414301302,1.0,0.8960000000000002
session_5049164431,0.0,0.427154761904762
session_5607181241,0.0,0.21645238095238098
session_5653345386,1.0,0.5301349206349206
session_6575637744,1.0,0.5092361111111112
session_2222178768,0.0,0.20026190476190475
session_3776702514,0.0,0.21412923904052936
session_2413552638,0.0,0.37143311571940607
session_2806235778,0.0,0.08140476190476191
session_8827191546,0.0,0.2925892857142858
session_2676613576,0.0,0.4436904761904762
session_7760528986,0.0,0.15725
session_2637707773,0.0,0.2774523809523809
session_4241020783,0.0,0.46061309523809535
session_9727102523,0.0,0.15141071428571426
session_0576615536,0.0,0.3276850998463901
session_0542118784,1.0,0.7966964285714284
session_0139259699,0.0,0.07036904761904761
session_6479783256,0.0,0.341079365079365
session_4088744338,0.0,0.30967460317460316
session_3209618709,0.0,0.14913541666666663
session_8562565734,0.0,0.2807857142857143
session_5567012419,0.0,0.17069700460829487
session_5760480696,0.0,0.20911904761904765
session_4144841412,1.0,0.9124621212121211
session_3173348385,0.0,0.17368055555555556
session_9838364022,1.0,0.7178730158730157
session_7370776941,1.0,0.550236111111111
session_7434938340,1.0,0.6134312770562772
session_7131856482,0.0,0.27016495332624363
session_2818892615,0.0,0.33805952380952375
session_8297767726,0.0,0.17483333333333334
session_9081044446,1.0,0.8179583333333333
session_0948424341,1.0,0.89975
session_9759261305,1.0,0.9441666666666667
session_2017009916,1.0,0.5590178571428571
session_3496233301,1.0,0.9564880952380952
session_8814562521,1.0,0.6768611111111111
session_0750796173,1.0,0.7966369047619046
session_9034407980,1.0,0.9584166666666667
session_4287155622,0.0,0.12213541666666666
session_5090921415,0.0,0.22113690476190478
session_4110038698,0.0,0.13416666666666666
session_8055688583,0.0,0.4325873015873015
session_5222969532,0.0,0.34258333333333335
session_8431086878,1.0,0.650765873015873
session_9968528235,1.0,0.7452261904761904
session_1799284692,1.0,0.770309523809524
session_0104431977,0.0,0.35120295698924714
session_9896236015,0.0,0.1025357142857143
session_0804596914,1.0,0.6461547619047618
session_5004329223,1.0,0.6879603174603176
session_9579651012,1.0,0.8297261904761908
session_3362260271,1.0,0.7991071428571429
session_7320901791,1.0,0.8925555555555555
session_1783392506,0.0,0.4601428571428571
session_6120487222,0.0,0.19940476190476195
session_3760606976,0.0,0.21578877048131084
session_6604280341,1.0,0.9132619047619047
session_8916797638,1.0,0.8384464285714287
session_9648839315,0.0,0.08085336538461536
session_5159663602,0.0,0.1495515873015873
session_3643463565,0.0,0.2600238095238095
session_9803043352,0.0,0.2197261904761905
session_6751640584,0.0,0.41475000000000006
session_5927431366,1.0,0.8334047619047621
session_5938044199,0.0,0.13859523809523808
session_7568549928,0.0,0.23109523809523808
session_6747468371,0.0,0.1986465201465202
session_2547686354,1.0,0.5120416666666668
session_2472958094,0.0,0.3176746031746031
session_2423707028,0.0,0.26339285714285715
session_4371791049,0.0,0.4149642857142857
session_8050711676,1.0,0.7634166666666665
session_7938590802,1.0,0.8471964285714287
session_4803913319,0.0,0.11372619047619047
session_4361518375,1.0,0.5930615079365079
session_3358945008,1.0,0.9376904761904761
session_9131427195,0.0,0.49114880952380974
session_6350129821,0.0,0.16632795698924732
session_7756203951,1.0,0.53175
session_2476629136,0.0,0.4326904761904762
session_3318991223,0.0,0.28911706349206345
session_1433757576,1.0,0.6798874807987711
session_0477165267,0.0,0.3921374807987711
session_6889521442,0.0,0.27119700460829493
session_3835613161,1.0,0.5435238095238097
session_6551197562,1.0,0.5378928571428572
session_2383353199,1.0,0.831154761904762
session_4219416265,0.0,0.49340873015873
session_1193964670,0.0,0.2801587301587302
session_8534613968,0.0,0.38683928571428566
session_3520348621,0.0,0.49544047619047615
session_9938110038,0.0,0.29949206349206353
session_6803917267,1.0,0.918142857142857
session_6891188294,1.0,0.9287500000000002
session_5617203219,0.0,0.4612380952380952
session_3382231612,0.0,0.39571428571428574
session_8667951419,1.0,0.9667083333333332
session_9814859818,0.0,0.43705952380952373
session_7288721890,0.0,0.2314047619047619
session_0900979755,0.0,0.08841129032258063
session_5226344095,1.0,0.7710833333333332
session_1376706431,1.0,0.9635833333333333
session_2681498481,0.0,0.15241129032258066
session_6905592155,0.0,0.3767440476190476
session_5036841847,1.0,0.666
session_2468580134,0.0,0.49867658730158726
session_5764163634,0.0,0.16445238095238093
session_1840315251,0.0,0.21504761904761907
session_0280333168,1.0,0.525625
session_4282931799,0.0,0.25344246031746026
session_0742860772,0.0,0.4330992063492063
session_2390471388,0.0,0.36742857142857155
session_0489826159,1.0,0.5113452380952381
session_0486100880,1.0,0.7197003968253968
session_3735387695,1.0,0.5516353162966066
session_5035531254,1.0,0.7291413690476191
session_4741380705,0.0,0.33472619047619045
session_6606428021,0.0,0.4054166666666666
session_0200062241,1.0,0.5359404761904762
session_2776997709,0.0,0.08410714285714285
session_0334337435,0.0,0.43207539682539675
session_9323584179,1.0,0.8767619047619047
session_3372500548,0.0,0.4242981950844853
session_7208965815,0.0,0.17486904761904762
session_3567705649,1.0,0.749892857142857
session_6410652005,1.0,0.826625
session_2305469177,1.0,0.9405178571428572
session_1750660101,1.0,0.5720654761904762
session_3473124800,0.0,0.13717857142857143
session_0733000199,0.0,0.21623809523809523
session_4010993370,1.0,0.7200833333333334
session_8675020847,1.0,0.8959880952380951
session_1065465945,0.0,0.2675797607410511
session_9532666676,1.0,0.508922619047619
session_6144427038,1.0,0.6046031746031746
session_5679261469,0.0,0.2030639880952381
session_8452199606,0.0,0.3917922427035332
session_6509977206,1.0,0.8018333333333334
session_7800887945,0.0,0.20249462365591397
session_2037079652,1.0,0.7773650793650795
session_8456906043,1.0,0.794513888888889
session_4052774787,1.0,0.7434940476190477
session_5158497089,0.0,0.058577956989247316
session_9276258841,1.0,0.8029880952380952
session_2433324095,0.0,0.1895898617511521
session_8067504883,0.0,0.29734920634920636
session_4873496968,1.0,0.5509523809523809
session_7953065762,0.0,0.26605017921146945
session_2328375850,1.0,0.5479229797979797
session_7346200874,0.0,0.3954431818181817
session_2778964895,0.0,0.18280952380952387
session_8847581248,1.0,0.6525631868131869
session_8136000837,0.0,0.3159886712749616
session_0546058817,1.0,0.5300295815295814
session_4054218608,0.0,0.19564285714285712
session_2393247628,0.0,0.37178571428571444
session_3172695640,1.0,0.5786822344322344
session_6723163956,1.0,0.7981468253968257
session_0733542929,1.0,0.9464583333333334
session_3985625607,0.0,0.2008214285714286
session_7553909619,0.0,0.4561428571428571
session_1809941518,0.0,0.3800416666666667
session_0080153528,1.0,0.9205357142857143
session_4979913965,1.0,0.5454960317460319
session_7004712385,1.0,0.562095238095238
session_0481319242,1.0,0.6505833333333332
session_3290502212,0.0,0.1528452380952381
session_7053852427,1.0,0.8514166666666668
session_9339150212,1.0,0.8803333333333333
session_5896454946,1.0,0.5482519841269843
session_8957360206,1.0,0.510095238095238
session_5539806413,0.0,0.3959047619047618
session_1583520841,1.0,0.5642222222222222
session_4059384344,1.0,0.9547261904761905
session_9913386649,1.0,0.5502467532467533
session_3519941915,0.0,0.4581071428571429
session_2342087686,0.0,0.3301057347670251
session_0906940447,0.0,0.33699188311688316
session_8692091533,0.0,0.4107202380952381
session_5503732650,1.0,0.727702380952381
